invariantCategory;GPT_Model;TP;TN;FP;FN;count;accuracy;precision;recall;f1score
Arithmetic comparisons;GPT-3.5;136;107;529;40;812;0.29926108374384236;0.20451127819548873;0.7727272727272727;0.3234244946492271
Specific values;GPT-3.5;109;13;80;15;217;0.5622119815668203;0.5767195767195767;0.8790322580645161;0.6964856230031949
Specific formats;GPT-3.5;282;7;7;24;320;0.903125;0.9757785467128027;0.9215686274509803;0.9478991596638655
String comparisons;GPT-3.5;223;4;17;5;249;0.9116465863453815;0.9291666666666667;0.9780701754385965;0.9529914529914529
Array properties;GPT-3.5;33;47;51;2;133;0.6015037593984962;0.39285714285714285;0.9428571428571428;0.5546218487394958
