invariantCategory;GPT_Model;TP;TN;FP;FN;count;accuracy;precision;recall;f1score
Arithmetic comparisons;GPT-4o;124;449;187;52;812;0.7056650246305419;0.3987138263665595;0.7045454545454546;0.5092402464065708
Specific values;GPT-4o;97;65;28;27;217;0.7465437788018433;0.776;0.782258064516129;0.7791164658634538
Specific formats;GPT-4o;287;10;4;19;320;0.928125;0.9862542955326461;0.9379084967320261;0.9614740368509213
String comparisons;GPT-4o;223;14;7;5;249;0.9518072289156626;0.9695652173913043;0.9780701754385965;0.9737991266375546
Array properties;GPT-4o;33;95;3;2;133;0.9624060150375939;0.9166666666666666;0.9428571428571428;0.9295774647887324
