invariantCategory;GPT_Model;TP;TN;FP;FN;count;accuracy;precision;recall;f1score
Arithmetic comparisons;GPT-4o-mini;18;634;2;158;812;0.8029556650246306;0.9;0.10227272727272728;0.1836734693877551
Specific values;GPT-4o-mini;24;92;1;100;217;0.5345622119815668;0.96;0.1935483870967742;0.3221476510067114
Specific formats;GPT-4o-mini;18;13;1;288;320;0.096875;0.9473684210526315;0.058823529411764705;0.11076923076923077
String comparisons;GPT-4o-mini;9;21;0;219;249;0.12048192771084337;1.0;0.039473684210526314;0.0759493670886076
Array properties;GPT-4o-mini;0;98;0;35;133;0.7368421052631579;NaN;0.0;0.0
